INSERT INTO orders(order_id, g_user_id, model_id, sneaker_size, order_quantity, shpping_address, total_price, order_status, order_at) VALUES
(1, 1, 1, 230, 1, '서울시 강남구', 140000, 0, '2023-07-01 10:10:10'),
(2, 2, 2, 240, 1, '서울시 강남구', 150000, 1, '2023-07-01 11:10:10'),
(3, 3, 3, 250, 1, '서울시 강동구', 160000, 0, '2023-07-01 12:10:10'),
(4, 4, 1, 260, 1, '서울시 강동구', 170000, 1, '2023-07-01 13:10:10'),
(5, 5, 2, 270, 2, '서울시 강북구', 260000, 0, '2023-07-01 14:10:10'),
(6, 6, 3, 280, 1, '서울시 강북구', 150000, 1, '2023-07-01 15:10:10'),
(7, 7, 1, 290, 1, '서울시 강서구', 160000, 0, '2023-07-01 16:10:10'),
(8, 8, 2, 300, 2, '서울시 강서구', 280000, 1, '2023-07-01 17:10:10'),
(9, 9, 3, 230, 1, '서울시 관악구', 130000, 0, '2023-07-01 18:10:10'),
(10, 10, 1, 240, 2, '서울시 관악구', 240000, 1, '2023-07-01 19:10:10'),
(11, 1, 2, 250, 1, '서울시 광진구', 140000, 0, '2023-07-01 20:10:10'),
(12, 2, 3, 260, 2, '서울시 광진구', 280000, 1, '2023-07-01 21:10:10'),
(13, 3, 1, 270, 1, '서울시 광진구', 130000, 0, '2023-07-01 22:10:10'),
(14, 4, 2, 280, 1, '서울시 구로구', 130000, 1, '2023-07-01 23:10:10'),
(15, 5, 3, 290, 2, '서울시 구로구', 260000, 0, '2023-07-02 00:10:10'),
(16, 6, 1, 300, 1, '서울시 구로구', 140000, 1, '2023-07-02 01:10:10'),
(17, 7, 2, 230, 2, '서울시 금천구', 240000, 0, '2023-07-02 02:10:10'),
(18, 8, 3, 240, 1, '서울시 금천구', 140000, 1, '2023-07-02 03:10:10'),
(19, 9, 1, 250, 1, '서울시 노원구', 130000, 0, '2023-07-02 04:10:10'),
(20, 10, 2, 260, 2, '서울시 노원구', 240000, 1, '2023-07-02 05:10:10'),
(21, 1, 3, 270, 1, '서울시 도봉구', 150000, 0, '2023-07-02 06:10:10'),
(22, 2, 1, 280, 1, '서울시 도봉구', 160000, 1, '2023-07-02 07:10:10'),
(23, 3, 2, 290, 2, '서울시 동대문구', 300000, 0, '2023-07-02 08:10:10'),
(24, 4, 3, 300, 1, '서울시 동대문구', 170000, 1, '2023-07-02 09:10:10'),
(25, 5, 1, 230, 2, '서울시 동작구', 280000, 0, '2023-07-02 10:10:10'),
(26, 6, 2, 240, 1, '서울시 동작구', 160000, 1, '2023-07-02 11:10:10'),
(27, 7, 3, 250, 1, '서울시 마포구', 170000, 0, '2023-07-02 12:10:10'),
(28, 8, 1, 260, 1, '서울시 마포구', 180000, 1, '2023-07-02 13:10:10'),
(29, 9, 2, 270, 2, '서울시 서대문구', 320000, 0, '2023-07-02 14:10:10'),
(30, 10, 3, 280, 1, '서울시 서대문구', 180000, 1, '2023-07-02 15:10:10'),
(31, 11, 1, 290, 2, '서울시 성동구', 320000, 0, '2023-07-03 10:10:10'),
(32, 12, 2, 300, 1, '서울시 성동구', 170000, 1, '2023-07-03 11:10:10'),
(33, 13, 3, 230, 2, '서울시 성북구', 320000, 0, '2023-07-03 12:10:10'),
(34, 14, 1, 240, 1, '서울시 성북구', 170000, 1, '2023-07-03 13:10:10'),
(35, 15, 2, 250, 1, '서울시 송파구', 180000, 0, '2023-07-03 14:10:10'),
(36, 16, 3, 260, 2, '서울시 송파구', 320000, 1, '2023-07-03 15:10:10'),
(37, 17, 1, 270, 1, '서울시 양천구', 180000, 0, '2023-07-03 16:10:10'),
(38, 18, 2, 280, 1, '서울시 양천구', 190000, 1, '2023-07-03 17:10:10'),
(39, 19, 3, 290, 2, '서울시 영등포구', 360000, 0, '2023-07-03 18:10:10'),
(40, 20, 1, 300, 1, '서울시 영등포구', 200000, 1, '2023-07-03 19:10:10'),
(41, 11, 2, 230, 2, '서울시 용산구', 320000, 0, '2023-07-04 10:10:10'),
(42, 12, 3, 240, 1, '서울시 용산구', 180000, 1, '2023-07-04 11:10:10'),
(43, 13, 1, 250, 2, '서울시 은평구', 340000, 0, '2023-07-04 12:10:10'),
(44, 14, 2, 260, 1, '서울시 은평구', 190000, 1, '2023-07-04 13:10:10'),
(45, 15, 3, 270, 1, '서울시 종로구', 200000, 0, '2023-07-04 14:10:10'),
(46, 16, 1, 280, 2, '서울시 종로구', 360000, 1, '2023-07-04 15:10:10'),
(47, 17, 2, 290, 1, '서울시 중구', 210000, 0, '2023-07-04 16:10:10'),
(48, 18, 3, 300, 1, '서울시 중구', 220000, 1, '2023-07-04 17:10:10'),
(49, 19, 1, 230, 2, '서울시 중랑구', 360000, 0, '2023-07-04 18:10:10'),
(50, 20, 2, 240, 1, '서울시 중랑구', 220000, 1, '2023-07-04 19:10:10'),
(51, 11, 3, 250, 2, '서울시 강동구', 360000, 0, '2023-07-05 10:10:10'),
(52, 12, 1, 260, 1, '서울시 강동구', 220000, 1, '2023-07-05 11:10:10'),
(53, 13, 2, 270, 2, '서울시 강서구', 380000, 0, '2023-07-05 12:10:10'),
(54, 14, 3, 280, 1, '서울시 강서구', 230000, 1, '2023-07-05 13:10:10'),
(55, 15, 1, 290, 1, '서울시 금천구', 230000, 0, '2023-07-05 14:10:10'),
(56, 16, 2, 300, 2, '서울시 금천구', 380000, 1, '2023-07-05 15:10:10'),
(57, 17, 3, 230, 1, '서울시 노원구', 240000, 0, '2023-07-05 16:10:10'),
(58, 18, 1, 240, 1, '서울시 노원구', 250000, 1, '2023-07-05 17:10:10'),
(59, 19, 2, 250, 2, '서울시 동대문구', 400000, 0, '2023-07-05 18:10:10'),
(60, 20, 3, 260, 1, '서울시 동대문구', 260000, 1, '2023-07-05 19:10:10'),
(61, 11, 1, 270, 2, '서울시 동작구', 400000, 0, '2023-07-06 10:10:10'),
(62, 12, 2, 280, 1, '서울시 동작구', 260000, 1, '2023-07-06 11:10:10'),
(63, 13, 3, 290, 2, '서울시 마포구', 420000, 0, '2023-07-06 12:10:10'),
(64, 14, 1, 300, 1, '서울시 마포구', 270000, 1, '2023-07-06 13:10:10'),
(65, 15, 2, 230, 1, '서울시 서대문구', 270000, 0, '2023-07-06 14:10:10'),
(66, 16, 3, 240, 2, '서울시 서대문구', 420000, 1, '2023-07-06 15:10:10'),
(67, 17, 1, 250, 1, '서울시 성동구', 280000, 0, '2023-07-06 16:10:10'),
(68, 18, 2, 260, 1, '서울시 성동구', 290000, 1, '2023-07-06 17:10:10'),
(69, 19, 3, 270, 2, '서울시 성북구', 440000, 0, '2023-07-06 18:10:10'),
(70, 20, 1, 280, 1, '서울시 성북구', 300000, 1, '2023-07-06 19:10:10'),
(71, 11, 2, 290, 2, '서울시 송파구', 440000, 0, '2023-07-07 10:10:10'),
(72, 12, 3, 300, 1, '서울시 송파구', 310000, 1, '2023-07-07 11:10:10'),
(73, 13, 1, 230, 2, '서울시 양천구', 460000, 0, '2023-07-07 12:10:10'),
(74, 14, 2, 240, 1, '서울시 양천구', 320000, 1, '2023-07-07 13:10:10');

-- Payment
INSERT INTO payment(payment_id, g_user_id, order_id, type, payment_at) VALUES
(1, 1, 1, 1, '2023-07-01 10:20:00'),
(2, 2, 2, 2, '2023-07-01 11:20:00'),
(3, 3, 3, 1, '2023-07-01 12:20:00'),
(4, 4, 4, 2, '2023-07-01 13:20:00'),
(5, 5, 5, 1, '2023-07-01 14:20:00'),
(6, 6, 6, 2, '2023-07-01 15:20:00'),
(7, 7, 7, 1, '2023-07-01 16:20:00'),
(8, 8, 8, 2, '2023-07-01 17:20:00'),
(9, 9, 9, 1, '2023-07-01 18:20:00'),
(10, 10, 10, 2, '2023-07-01 19:20:00'),
(11, 1, 11, 1, '2023-07-01 20:20:00'),
(12, 2, 12, 2, '2023-07-01 21:20:00'),
(13, 3, 13, 1, '2023-07-01 22:20:00'),
(14, 4, 14, 2, '2023-07-01 23:20:00'),
(15, 5, 15, 1, '2023-07-02 00:20:00'),
(16, 6, 16, 2, '2023-07-02 01:20:00'),
(17, 7, 17, 1, '2023-07-02 02:20:00'),
(18, 8, 18, 2, '2023-07-02 03:20:00'),
(19, 9, 19, 1, '2023-07-02 04:20:00'),
(20, 10, 20, 2, '2023-07-02 05:20:00'),
(21, 11, 21, 1, '2023-07-02 06:20:00'),
(22, 12, 22, 2, '2023-07-02 07:20:00'),
(23, 13, 23, 1, '2023-07-02 08:20:00'),
(24, 14, 24, 2, '2023-07-02 09:20:00'),
(25, 15, 25, 1, '2023-07-02 10:20:00'),
(26, 16, 26, 2, '2023-07-02 11:20:00'),
(27, 17, 27, 1, '2023-07-02 12:20:00'),
(28, 18, 28, 2, '2023-07-02 13:20:00'),
(29, 19, 29, 1, '2023-07-02 14:20:00'),
(30, 20, 30, 2, '2023-07-02 15:20:00');

-- Wish
INSERT INTO wish(wish_id, g_user_id, model_id, sneaker_size, wish_at) VALUES
(1, 1, 1, 230, '2023-07-01 10:40:00'),
(2, 2, 2, 240, '2023-07-01 11:40:00'),
(3, 3, 3, 250, '2023-07-01 12:40:00'),
(4, 4, 4, 260, '2023-07-01 13:40:00'),
(5, 5, 5, 270, '2023-07-01 14:40:00'),
(6, 6, 6, 280, '2023-07-01 15:40:00'),
(7, 7, 7, 290, '2023-07-01 16:40:00'),
(8, 8, 8, 300, '2023-07-01 17:40:00'),
(9, 9, 9, 310, '2023-07-01 18:40:00'),
(10, 10, 10, 320, '2023-07-01 19:40:00'),
(11, 1, 11, 230, '2023-07-01 20:40:00'),
(12, 2, 12, 240, '2023-07-01 21:40:00'),
(13, 3, 13, 250, '2023-07-01 22:40:00'),
(14, 4, 14, 260, '2023-07-01 23:40:00'),
(15, 5, 15, 270, '2023-07-02 00:40:00'),
(16, 6, 16, 280, '2023-07-02 01:40:00'),
(17, 7, 17, 290, '2023-07-02 02:40:00'),
(18, 8, 18, 300, '2023-07-02 03:40:00'),
(19, 9, 19, 310, '2023-07-02 04:40:00'),
(20, 10, 20, 320, '2023-07-02 05:40:00'),
(21, 11, 11, 230, '2023-07-02 06:40:00'),
(22, 12, 12, 240, '2023-07-02 07:40:00'),
(23, 13, 13, 250, '2023-07-02 08:40:00'),
(24, 14, 14, 260, '2023-07-02 09:40:00'),
(25, 15, 15, 270, '2023-07-02 10:40:00'),
(26, 16, 16, 280, '2023-07-02 11:40:00'),
(27, 17, 17, 290, '2023-07-02 12:40:00'),
(28, 18, 18, 300, '2023-07-02 13:40:00'),
(29, 19, 19, 310, '2023-07-02 14:40:00'),
(30, 20, 20, 320, '2023-07-02 15:40:00');
